Workbook

Sheet Synthèse
A1: 📊 صحّح ونقّط — تصحيح القسم
A3: TP / الحلّ النموذجي | B3: solution.py
A4: tests.json | B4: tests.json
A5: المفسّر | B5: python.exe
A6: Date | B6: 06/09/2026 22:39
A7: لغة الشرح | B7: العربية
A9: المعدّل / ناجحون
A10: Nombre de copies | B10: =COUNT(Notes!C2:C8)
A11: المعدّل /20 | B11: =IFERROR(AVERAGE(Notes!C2:C8),0)
A12: Médiane | B12: =IFERROR(MEDIAN(Notes!C2:C8),0)
A13: Écart-type | B13: =IFERROR(STDEV(Notes!C2:C8),0)
A14: Note minimale | B14: =IFERROR(MIN(Notes!C2:C8),0)
A15: Note maximale | B15: =IFERROR(MAX(Notes!C2:C8),0)
A16: ناجحون (≥10) | B16: =COUNTIF(Notes!C2:C8,">=10")
A17: Taux de réussite | B17: =IFERROR(COUNTIF(Notes!C2:C8,">=10")/COUNT(Notes!C2:C8),0)
A18: (أ) جودة الكود (moy.) | B18: =IFERROR(AVERAGE(Notes!E2:E8),0)
A19: (ب) صحّة النتائج (moy.) | B19: =IFERROR(AVERAGE(Notes!F2:F8),0)
A20: (ج) المطابقة البنيوية (moy.) | B20: =IFERROR(AVERAGE(Notes!G2:G8),0)
A22: Répartition par tranche
A23: Tranche | B23: Effectif
A24: [16 – 20] | B24: =COUNTIFS(Notes!C2:C8,">=16",Notes!C2:C8,"<=20")
A25: [14 – 16[ | B25: =COUNTIFS(Notes!C2:C8,">=14",Notes!C2:C8,"<16")
A26: [12 – 14[ | B26: =COUNTIFS(Notes!C2:C8,">=12",Notes!C2:C8,"<14")
A27: [10 – 12[ | B27: =COUNTIFS(Notes!C2:C8,">=10",Notes!C2:C8,"<12")
A28: [0 – 10[ | B28: =COUNTIFS(Notes!C2:C8,">=0",Notes!C2:C8,"<10")
A29: Total | B29: =SUM(B24:B28)
A31: Les cellules bleues de la feuille Notes peuvent être modifiées à la main : toutes les statistiques ci-dessus se recalculent.

Sheet Notes
A1: # | B1: الملف | C1: النقطة /20 | D1: التقدير | E1: الجودة /6 | F1: النتائج /10 | G1: البنية /4 | H1: الاختبارات | I1: Tests /9
A2: 1 | B2: 04_amina.py | C2: 20 | D2: ممتاز | E2: 6 | F2: 10 | G2: 4 | H2: 9/9 | I2: 9
A3: 2 | B3: 02_sarra.py | C3: 18.89 | D3: ممتاز | E3: 6 | F3: 8.89 | G3: 4 | H3: 8/9 | I3: 8
A4: 3 | B4: 03_youssef.py | C4: 18.28 | D4: ممتاز | E4: 4.95 | F4: 10 | G4: 3.33 | H4: 9/9 | I4: 9
A5: 4 | B5: 01_ahmed.py | C5: 16.27 | D5: جيد جدًا | E5: 4.05 | F5: 8.89 | G5: 3.33 | H5: 8/9 | I5: 8
A6: 5 | B6: 07_omar.py | C6: 14.89 | D6: جيد | E6: 6 | F6: 5.56 | G6: 3.33 | H6: 5/9 | I6: 5
A7: 6 | B7: 06_lina.py | C7: 14.44 | D7: جيد | E7: 6 | F7: 4.44 | G7: 4 | H7: 4/9 | I7: 4
A8: 7 | B8: 05_karim.py | C8: 1.2 | D8: ضعيف | E8: 1.2 | F8: 0 | G8: 0 | H8: 0/9 | I8: 0

Sheet Tests
A1: الملف | B1: moyenne([12,15,9]) | C1: moyenne([]) — liste vide | D1: moyenne([20]) — une seule note | E1: mention(17) | F1: mention(14) — borne exacte | G1: mention(9.5) | H1: admis([8,9], 10) | I1: admis([10,10], 10) — seuil exact | J1: admis([14,16], 10) | K1: Total
A2: 01_ahmed.py | B2: 1 | C2: 0 | D2: 1 | E2: 1 | F2: 1 | G2: 1 | H2: 1 | I2: 1 | J2: 1 | K2: =SUM(B2:J2)
A3: 02_sarra.py | B3: 1 | C3: 1 | D3: 1 | E3: 1 | F3: 1 | G3: 1 | H3: 1 | I3: 0 | J3: 1 | K3: =SUM(B3:J3)
A4: 03_youssef.py | B4: 1 | C4: 1 | D4: 1 | E4: 1 | F4: 1 | G4: 1 | H4: 1 | I4: 1 | J4: 1 | K4: =SUM(B4:J4)
A5: 04_amina.py | B5: 1 | C5: 1 | D5: 1 | E5: 1 | F5: 1 | G5: 1 | H5: 1 | I5: 1 | J5: 1 | K5: =SUM(B5:J5)
A6: 05_karim.py | B6: 0 | C6: 0 | D6: 0 | E6: 0 | F6: 0 | G6: 0 | H6: 0 | I6: 0 | J6: 0 | K6: =SUM(B6:J6)
A7: 06_lina.py | B7: 0 | C7: 1 | D7: 0 | E7: 1 | F7: 1 | G7: 1 | H7: 0 | I7: 0 | J7: 0 | K7: =SUM(B7:J7)
A8: 07_omar.py | B8: 1 | C8: 1 | D8: 1 | E8: 0 | F8: 1 | G8: 1 | H8: 0 | I8: 0 | J8: 0 | K8: =SUM(B8:J8)
A9: Réussite par test | B9: =IFERROR(AVERAGE(B2:B8),0) | C9: =IFERROR(AVERAGE(C2:C8),0) | D9: =IFERROR(AVERAGE(D2:D8),0) | E9: =IFERROR(AVERAGE(E2:E8),0) | F9: =IFERROR(AVERAGE(F2:F8),0) | G9: =IFERROR(AVERAGE(G2:G8),0) | H9: =IFERROR(AVERAGE(H2:H8),0) | I9: =IFERROR(AVERAGE(I2:I8),0) | J9: =IFERROR(AVERAGE(J2:J8),0)
A10: 1 = réussi · 0 = échoué — la ligne « Réussite par test » montre la question qui a posé problème à la classe

Sheet Détail tests
A1: الملف | B1: الاختبارات | C1: OK | D1: المنتظَر | E1: المحصَّل
A2: 01_ahmed.py | B2: moyenne([]) — liste vide | C2: ✗ | D2: 0 | E2: ⛔ ZeroDivisionError: division by zero
A3: 02_sarra.py | B3: admis([10,10], 10) — seuil exact | C3: ✗ | D3: True | E3: False
A4: 05_karim.py | B4: moyenne([12,15,9]) | C4: ✗ | D4: 12.0 | E4: ⛔ SyntaxError: expected ':' (05_karim.py, line 1)
A5: 05_karim.py | B5: moyenne([]) — liste vide | C5: ✗ | D5: 0 | E5: ⛔ SyntaxError: expected ':' (05_karim.py, line 1)
A6: 05_karim.py | B6: moyenne([20]) — une seule note | C6: ✗ | D6: 20.0 | E6: ⛔ SyntaxError: expected ':' (05_karim.py, line 1)
A7: 05_karim.py | B7: mention(17) | C7: ✗ | D7: 'Excellent' | E7: ⛔ SyntaxError: expected ':' (05_karim.py, line 1)
A8: 05_karim.py | B8: mention(14) — borne exacte | C8: ✗ | D8: 'Bien' | E8: ⛔ SyntaxError: expected ':' (05_karim.py, line 1)
A9: 05_karim.py | B9: mention(9.5) | C9: ✗ | D9: 'Insuffisant' | E9: ⛔ SyntaxError: expected ':' (05_karim.py, line 1)
A10: 05_karim.py | B10: admis([8,9], 10) | C10: ✗ | D10: False | E10: ⛔ SyntaxError: expected ':' (05_karim.py, line 1)
A11: 05_karim.py | B11: admis([10,10], 10) — seuil exact | C11: ✗ | D11: True | E11: ⛔ SyntaxError: expected ':' (05_karim.py, line 1)
A12: 05_karim.py | B12: admis([14,16], 10) | C12: ✗ | D12: True | E12: ⛔ SyntaxError: expected ':' (05_karim.py, line 1)
... A21: 07_omar.py | B21: admis([14,16], 10) | C21: ✗ | D21: True | E21: ⛔ TypeError: admis() takes 1 positional argument but 2 were given

Sheet Erreurs
A1: الملف | B1: السطر | C1: Code | D1: خطأ/تحذير | E1: الملاحظة | F1: السبب | G1: التصحيح
A2: 01_ahmed.py | B2: 1 | C2: W107 | D2: تحذير | E2: استيراد غير مستعمل: 'os' | F2: يُثقل الملف ويُبطئ الإقلاع دون فائدة. | G2: احذف استيراد 'os' أو استعمله.
A3: 01_ahmed.py | B3: 2 | C3: W107 | D3: تحذير | E3: استيراد غير مستعمل: 'math' | F3: يُثقل الملف ويُبطئ الإقلاع دون فائدة. | G3: احذف استيراد 'math' أو استعمله.
A4: 01_ahmed.py | B4: 8 | C4: W103 | D4: تحذير | E4: مقارنة None بـ '==' | F4: None كائن وحيد، والمقارنة بالهوية أدقّ وأسرع ولا تتأثّر بإعادة تعريف __eq__. | G4: استعمل 'is None' بدل '== None'.
A5: 01_ahmed.py | B5: 15 | C5: E102 | D5: خطأ | E5: وسيط افتراضي قابل للتغيير في الدالة 'admis' | F5: القيمة الافتراضية تُنشأ مرّة واحدة فقط، فتتراكم البيانات بين الاستدعاءات وتُنتج نتائج غير متوقّعة. | G5: استعمل None كقيمة افتراضية: def f(x=None): x = [] if x is None else x
A6: 01_ahmed.py | B6: 19 | C6: W101 | D6: تحذير | E6: استعمال 'except:' بدون تحديد نوع الاستثناء | F6: يلتقط حتى KeyboardInterrupt و SystemExit ويُخفي الأخطاء الحقيقية. | G6: حدّد النوع، مثلاً: except Exception as e:
A7: 03_youssef.py | B7: 1 | C7: W107 | D7: تحذير | E7: استيراد غير مستعمل: 'random' | F7: يُثقل الملف ويُبطئ الإقلاع دون فائدة. | G7: احذف استيراد 'random' أو استعمله.
A8: 03_youssef.py | B8: 21 | C8: E102 | D8: خطأ | E8: وسيط افتراضي قابل للتغيير في الدالة 'admis' | F8: القيمة الافتراضية تُنشأ مرّة واحدة فقط، فتتراكم البيانات بين الاستدعاءات وتُنتج نتائج غير متوقّعة. | G8: استعمل None كقيمة افتراضية: def f(x=None): x = [] if x is None else x
A9: 05_karim.py | B9: 1 | C9: E001 | D9: خطأ | E9: خطأ صياغة: expected ':' | F9: المترجم لم يستطع تحليل هذا السطر، لذا لا يعمل الملف كلّه. | G9: راجع الصياغة في هذا الموضع.
A10: 05_karim.py | B10: 1 | C10: E002 | D10: خطأ | E10: خطأ ترجمة من المفسّر python.exe: SyntaxError: expected ':' | F10: المفسّر المستهدف نفسه رفض الملف؛ قد يكون بناءً غير مدعوم في هذه النسخة من بايثون (match، walrus، f-string متداخلة…). | G10: صحّح البناء أو استعمل نسخة بايثون أحدث.

Sheet Fréquences
A1: Code | B1: الملاحظة | C1: Occurrences | D1: Élèves concernés | E1: % de la classe | F1: Pénalité unitaire | G1: Plafond
A2: W107 | B2: استيراد غير مستعمل | C2: 3 | D2: 2 | E2: =IFERROR(D2/7,0) | F2: 0.5 | G2: 2
A3: E102 | B3: وسيط افتراضي قابل للتغيير (liste=[]) | C3: 2 | D3: 2 | E3: =IFERROR(D3/7,0) | F3: 3 | G3: 6
A4: W103 | B4: مقارنة None بـ == بدل is | C4: 1 | D4: 1 | E4: =IFERROR(D4/7,0) | F4: 1 | G4: 3
A5: W101 | B5: except: بدون تحديد نوع الاستثناء | C5: 1 | D5: 1 | E5: =IFERROR(D5/7,0) | F5: 1.5 | G5: 4.5
A6: E001 | B6: خطأ صياغة — الملف لا يعمل إطلاقًا | C6: 1 | D6: 1 | E6: =IFERROR(D6/7,0) | F6: 8 | G6: 8
A7: E002 | B7: رفضه المفسّر الحقيقي (py_compile) | C7: 1 | D7: 1 | E7: =IFERROR(D7/7,0) | F7: 8 | G7: 8
A9: Trié par nombre d'élèves : la première ligne est la notion à réexpliquer.

Sheet Barème
A1: Code | B1: الملاحظة | C1: ×الخصم | D1: السقف
A2: E001 | B2: خطأ صياغة — الملف لا يعمل إطلاقًا | C2: 8 | D2: 8
A3: E002 | B3: رفضه المفسّر الحقيقي (py_compile) | C3: 8 | D3: 8
A4: E102 | B4: وسيط افتراضي قابل للتغيير (liste=[]) | C4: 3 | D4: 6
A5: E104 | B5: قسمة على صفر | C5: 3 | D5: 6
A6: E108 | B6: خلط Tab ومسافات في الإزاحة | C6: 2 | D6: 4
A7: W101 | B7: except: بدون تحديد نوع الاستثناء | C7: 1.5 | D7: 4.5
A8: W110 | B8: استثناء مُبتلَع بصمت (except…: pass) | C8: 1.5 | D8: 4.5
A9: W103 | B9: مقارنة None بـ == بدل is | C9: 1 | D9: 3
A10: W105 | B10: إسناد بلا أثر (x = x) | C10: 1 | D10: 3
A11: W106 | B11: open() بدون with | C11: 1 | D11: 3
A12: W111 | B12: تحذير صياغة من المفسّر (SyntaxWarning) | C12: 1 | D12: 3
A13: W107 | B13: استيراد غير مستعمل | C13: 0.5 | D13: 2
A14: W109 | B14: سطر أطول من 99 حرفًا | C14: 0.25 | D14: 2
A16: (أ) جودة الكود : 6 · (ب) صحّة النتائج : 10 · (ج) المطابقة البنيوية : 4 → 20
A17: ملاحظة: لكل قاعدة سقف خصم حتى لا يُفسد خطأ متكرّر النقطة كلّها، والنقطة لا تنزل تحت 0.
